{"cameraMode":{"drawMode":0,"name":"Shaded","section":"Shading Mode"},"sceneLighting":false,"audioPlay":false,"sceneViewState":{"m_AlwaysRefresh":false,"showFog":true,"showSkybox":false,"showFlares":true,"showImageEffects":true,"showParticleSystems":true,"showVisualEffectGraphs":true,"m_FxEnabled":true},"in2DMode":false,"pivot":{"x":0.9990463852882385,"y":2.2135305404663088,"z":1.0444941520690919},"rotation":{"x":0.21171891689300538,"y":-0.6713729500770569,"z":0.20944491028785706,"w":0.6786602139472961},"size":3.6953349113464357,"orthographic":true}