{"cameraMode":{"drawMode":0,"name":"Shaded","section":"Shading Mode"},"sceneLighting":true,"audioPlay":false,"sceneViewState":{"m_AlwaysRefresh":false,"showFog":true,"showSkybox":true,"showFlares":true,"showImageEffects":true,"showParticleSystems":true,"showVisualEffectGraphs":true,"m_FxEnabled":true},"in2DMode":false,"pivot":{"x":158.31292724609376,"y":43.229183197021487,"z":-18.393741607666017},"rotation":{"x":0.12771791219711305,"y":-0.5513330698013306,"z":0.08586125075817108,"w":0.8200452923774719},"size":93.33211517333985,"orthographic":true}